{
    "BT": {
        "nodes": 9
    },
    "Optimized": {
        "JANI": {
            "creation_time": 0.0006043910980224609,
            "edges": 44,
            "variables": 37
        },
        "PNML": {
            "arcs": 105,
            "creation_time": 0.028353452682495117,
            "nodes": 81,
            "transitions": 44
        }
    },
    "Unoptimized": {
        "JANI": {
            "creation_time": 0.0010254383087158203,
            "edges": 61,
            "variables": 55
        },
        "PNML": {
            "arcs": 142,
            "creation_time": 0.01805591583251953,
            "nodes": 116,
            "transitions": 61
        }
    }
}