{
    "BT": {
        "nodes": 14
    },
    "Optimized": {
        "JANI": {
            "creation_time": 0.0006258487701416016,
            "edges": 52,
            "variables": 39
        },
        "PNML": {
            "arcs": 145,
            "creation_time": 0.018798828125,
            "nodes": 91,
            "transitions": 52
        }
    },
    "Unoptimized": {
        "JANI": {
            "creation_time": 0.001375436782836914,
            "edges": 94,
            "variables": 90
        },
        "PNML": {
            "arcs": 232,
            "creation_time": 0.047609806060791016,
            "nodes": 184,
            "transitions": 94
        }
    }
}