{
    "BT": {
        "nodes": 15
    },
    "Optimized": {
        "JANI": {
            "creation_time": 0.0012860298156738281,
            "edges": 77,
            "variables": 77
        },
        "PNML": {
            "arcs": 229,
            "creation_time": 0.026404857635498047,
            "nodes": 154,
            "transitions": 77
        }
    },
    "Unoptimized": {
        "JANI": {
            "creation_time": 0.001905679702758789,
            "edges": 101,
            "variables": 101
        },
        "PNML": {
            "arcs": 273,
            "creation_time": 0.03320932388305664,
            "nodes": 202,
            "transitions": 101
        }
    }
}