{
    "BT": {
        "nodes": 14
    },
    "Optimized": {
        "JANI": {
            "creation_time": 0.0011739730834960938,
            "edges": 68,
            "variables": 73
        },
        "PNML": {
            "arcs": 183,
            "creation_time": 0.04334306716918945,
            "nodes": 141,
            "transitions": 68
        }
    },
    "Unoptimized": {
        "JANI": {
            "creation_time": 0.0018084049224853516,
            "edges": 92,
            "variables": 97
        },
        "PNML": {
            "arcs": 230,
            "creation_time": 0.047626495361328125,
            "nodes": 189,
            "transitions": 92
        }
    }
}