{
    "BT": {
        "nodes": 32
    },
    "Optimized": {
        "JANI": {
            "creation_time": 0.0024976730346679688,
            "edges": 188,
            "variables": 146
        },
        "PNML": {
            "arcs": 433,
            "creation_time": 0.07457160949707031,
            "nodes": 334,
            "transitions": 188
        }
    },
    "Unoptimized": {
        "JANI": {
            "creation_time": 0.0032744407653808594,
            "edges": 240,
            "variables": 198
        },
        "PNML": {
            "arcs": 534,
            "creation_time": 0.08684945106506348,
            "nodes": 438,
            "transitions": 240
        }
    }
}