{
    "BT": {
        "nodes": 2
    },
    "Optimized": {
        "JANI": {
            "creation_time": 0.00013947486877441406,
            "edges": 6,
            "variables": 6
        },
        "PNML": {
            "arcs": 16,
            "creation_time": 0.0022351741790771484,
            "nodes": 12,
            "transitions": 6
        }
    },
    "Unoptimized": {
        "JANI": {
            "creation_time": 0.00040984153747558594,
            "edges": 6,
            "variables": 6
        },
        "PNML": {
            "arcs": 16,
            "creation_time": 0.002439260482788086,
            "nodes": 12,
            "transitions": 6
        }
    }
}