{
    "BT": {
        "nodes": 4
    },
    "Optimized": {
        "JANI": {
            "creation_time": 0.00036144256591796875,
            "edges": 34,
            "variables": 24
        },
        "PNML": {
            "arcs": 80,
            "creation_time": 0.01110696792602539,
            "nodes": 58,
            "transitions": 34
        }
    },
    "Unoptimized": {
        "JANI": {
            "creation_time": 0.0006067752838134766,
            "edges": 35,
            "variables": 25
        },
        "PNML": {
            "arcs": 82,
            "creation_time": 0.011599063873291016,
            "nodes": 60,
            "transitions": 35
        }
    }
}